term,estimate,std.error,statistic,p.value
a,0.950106037,0.007031024,135.1305329,3.53745124977574e-113
r,-0.00934492,0.00016611,-56.25747127,2.06623581355335e-76
